year_range,event,category,region,description,,,,,,,,,,,,,
1930s,Outbreak of World War II,Military,Global,"Germany invades Poland on 1 September 1939; Britain and France declare war on Germany on 3 September 1939, starting WWII",,,,,,,,,,,,,
1940s,Battle of Britain,Military,UK,"1940: RAF defeats Luftwaffe in air campaign, preventing German invasion of Britain",,,,,,,,,,,,,
1940s,Blitz bombing of UK cities,Military,UK,"1940-1941: Sustained German Luftwaffe bombing of London and other cities, causing widespread destruction and civilian deaths",,,,,,,,,,,,,
1940s,Fall of France,Military,Europe,1940: Nazi Germany invades and occupies France; Vichy regime established,,,,,,,,,,,,,
1940s,Pearl Harbor attack,Military,Global,"1941: Japan attacks US naval base, bringing USA into WWII",,,,,,,,,,,,,
1940s,Holocaust intensifies,Political/Social,Europe/Global,1941-1945: Systematic Nazi genocide of 6 million Jews and millions of others in concentration camps,,,,,,,,,,,,,
1940s,D-Day landings,Military,UK/Global,Normandy landings on 6 June 1944; Allied invasion of Nazi-occupied Western Europe,,,,,,,,,,,,,
1940s,End of World War II in Europe,Military,Global,1945: Germany surrenders in May (VE Day); atomic bombs on Japan lead to surrender in September (VJ Day),,,,,,,,,,,,,
1940s,NHS founded,Healthcare,UK,"National Health Service established in 1948, providing free healthcare to all",,,,,,,,,,,,,
1940s,Indian Independence,Political,Global,"1947: India gains independence from Britain, end of British Empire in subcontinent",,,,,,,,,,,,,
1950s,Coronation of Elizabeth II,Royal,UK,"Queen Elizabeth II crowned in 1953, televised event watched by millions",,,,,,,,,,,,,
1950s,Suez Crisis,Political,UK/Global,"1956: UK, France, and Israel invade Egypt over canal nationalization; major blow to UK global influence",,,,,,,,,,,,,
1950s,First commercial TV in UK,Media,UK,"ITV begins broadcasting in 1955, expanding television access",,,,,,,,,,,,,
1950s,Treaty of Rome,Political,Europe,1957: Founding of European Economic Community (predecessor to EU) by six nations,,,,,,,,,,,,,
1950s,Hungarian Revolution,Political,Europe,1956: Uprising against Soviet control crushed by Red Army,,,,,,,,,,,,,
1960s,Man on the moon,Science,Global,Apollo 11 moon landing in 1969; first humans walk on Moon,,,,,,,,,,,,,
1960s,Beatles become famous,Culture,UK/Global,"Beatles rise to global fame from 1963, sparking Beatlemania and cultural revolution",,,,,,,,,,,,,
1960s,England wins World Cup,Sports,UK,1966 FIFA World Cup victory on home soil,,,,,,,,,,,,,
1960s,May 1968 protests,Social/Political,Europe,1968: Student and worker protests in France lead to near-revolution and social changes,,,,,,,,,,,,,
1960s,Prague Spring,Political,Europe,1968: Czechoslovak reforms crushed by Warsaw Pact invasion,,,,,,,,,,,,,
1970s,UK joins EEC,Political,UK/Europe,UK joins European Economic Community in 1973,,,,,,,,,,,,,
1970s,1973 Oil Crisis,Economic,Global,"OPEC oil embargo causes shortages, inflation, and energy rationing",,,,,,,,,,,,,
1970s,Margaret Thatcher becomes PM,Political,UK,First female UK Prime Minister elected in 1979,,,,,,,,,,,,,
1970s,Winter of Discontent,Political/Economic,UK,1978-1979: Widespread strikes and industrial unrest,,,,,,,,,,,,,
1970s,Fall of Saigon,Military,Global,1975: End of Vietnam War; communist victory,,,,,,,,,,,,,
1980s,Falklands War,Military,UK,1982: UK defeats Argentina in conflict over Falkland Islands,,,,,,,,,,,,,
1980s,Live Aid concert,Culture,Global,1985: Massive charity concerts for Ethiopian famine relief,,,,,,,,,,,,,
1980s,Big Bang financial deregulation,Economic,UK,1986: Major reforms transform London into global financial hub,,,,,,,,,,,,,
1980s,Fall of Berlin Wall,Political,Europe,1989: Symbolizes end of Cold War division of Europe,,,,,,,,,,,,,
1980s,Chernobyl disaster,Technology/Health,Europe/Global,1986: Nuclear accident in Ukraine releases radiation across Europe,,,,,,,,,,,,,
1990s,World Wide Web invented,Technology,Global,Tim Berners-Lee proposes and develops WWW at CERN in 1989-1991,,,,,,,,,,,,,
1990s,Reunification of Germany,Political,Europe,1990: East and West Germany reunite after fall of Wall,,,,,,,,,,,,,
1990s,Channel Tunnel opens,Infrastructure,UK/Europe,"Eurotunnel opens in 1994, linking UK to France by rail",,,,,,,,,,,,,
1990s,Death of Princess Diana,Royal/Culture,UK/Global,"Princess Diana dies in Paris car crash in 1997, massive public mourning",,,,,,,,,,,,,
1990s,Good Friday Agreement,Political,UK/Ireland,1998: Peace deal ends most violence in Northern Ireland Troubles,,,,,,,,,,,,,
2000s,9/11 terrorist attacks,Political/Military,Global,Al-Qaeda attacks on US on 11 September 2001; leads to War on Terror,,,,,,,,,,,,,
2000s,Introduction of the Euro,Economic,Europe,2002: Euro currency launched in 12 EU countries (physical notes/coins),,,,,,,,,,,,,
2000s,London bombings,Political,UK,7 July 2005: Islamist terrorist bombings on transport network kill 52,,,,,,,,,,,,,
2000s,Global Financial Crisis,Economic,Global,"2007-2008: Banking collapse, recession, bailouts worldwide",,,,,,,,,,,,,
2010s,London Olympics,Sports,UK,2012 Summer Olympics hosted in London,,,,,,,,,,,,,
2010s,Royal Wedding of William and Catherine,Royal,UK,Prince William marries Catherine Middleton in 2011,,,,,,,,,,,,,
2010s,Brexit referendum,Political,UK,2016: UK votes to leave the European Union (52% Leave),,,,,,,,,,,,,
2010s,Arab Spring,Political,Global,2010-2012: Pro-democracy uprisings across Middle East and North Africa,,,,,,,,,,,,,
2020s,COVID-19 pandemic,Health,Global,"Global pandemic declared in 2020; lockdowns, vaccines, millions of deaths",,,,,,,,,,,,,
2020s,Death of Queen Elizabeth II,Royal,UK,Queen dies in September 2022; Charles III becomes King,,,,,,,,,,,,,
2020s,Russian invasion of Ukraine,Military,Europe/Global,Full-scale invasion begins February 2022; ongoing conflict with global impacts,,,,,,,,,,,,,
,,,,,,,,,,,,,,,,,
You can copy-paste this directly into a CSV file (add a header row if needed: year_range,event,category,region,description). These events are selected for their broad, personal relevanceâ€”e.g., war experiences, economic hardships, cultural shifts, health crises, or national pride moments that biography writers could reflect on for impacts on family, career, views, etc. If you,d like more in specific decades, categories, or adjustments, let me know!
